Plant,Ant,Collection,Department,Locality,Area (RASP),Latitude,Longitude,Altitude (m) 
Tococa,Azteca,MFT147,Amazonas,Leticia,,-4.120033,-69.956267,92
Tococa,Azteca,MFT148,Amazonas,Leticia,,-4.120033,-69.956267,92
Tococa,Azteca,MFT341,Valle del Cauca,Buenaventura,,3.97011,-77.00326,66
Tococa,Azteca,MFT397,Antioquia,San Carlos,,6.19439,-75.00578,1111
Tococa,Azteca,MFT410,Putumayo,Villagarzon,,1.06082,-76.62243,515
Tococa,NN,MFT460,Putumayo,Villagarzon,,1.06447,-76.62798,579
Tococa,Pheidole,MFT188,Choco,Arusi,,5.57469,-77.49978,77
Tococa,Pheidole,MFT205,Choco,Arusi,,5.57137,-77.50076,64
Tococa stenoptera,Azteca,MFT293,Meta,S.J. de Arama,,3.273785,-73.893999,362
Tococa stenoptera,Pheidole,MFT294,Meta,S.J. de Arama,,3.273785,-73.893999,362
Tococa spadiciflora,Azteca,MFT132,Valle del Cauca,Buenaventura,,3.828908,-76.882435,96
Tococa spadiciflora,Pheidole,MFT189,Choco,Arusi,,5.57165,-77.50081,106
Tococa spadiciflora,Pheidole,MFT190,Choco,Arusi,,5.57165,-77.50081,106
Tococa spadiciflora,Pheidole,MFT191,Choco,Arusi,,5.57165,-77.50081,106
Tococa spadiciflora,Pheidole,MFT192,Choco,Arusi,,5.57165,-77.50081,106
Tococa spadiciflora,Pheidole,MFT204,Choco,Arusi,,5.57137,-77.50076,64
Tococa spadiciflora,Pheidole,MFT212,Choco,Arusi,,5.57136,-77.50111,53
Tococa spadiciflora,Pheidole,MFT224,Choco,Arusi,,5.57331,-77.5,66
Tococa spadiciflora,Pheidole,MFT233,Choco,Arusi,,5.57283,-77.49967,71
Tococa spadiciflora,Pheidole,MFT235,Choco,Arusi,,5.57283,-77.49967,71
Tococa spadiciflora,Pheidole,MFT241,Choco,Arusi,,5.5716,-77.49809,65
Tococa spadiciflora,Pheidole,MFT242,Choco,Arusi,,5.5716,-77.49809,65
Tococa spadiciflora,Pheidole,MFT253,Choco,Arusi,,5.57518,-77.49706,106
Tococa spadiciflora,Pheidole,MFT254,Choco,Arusi,,5.57518,-77.49706,106
Tococa spadiciflora,Pheidole,MFT256,Choco,Arusi,,5.57532,-77.49722,107
Tococa spadiciflora,Pheidole,MFT257,Choco,Arusi,,5.57532,-77.49722,107
Tococa spadiciflora,Pheidole,MFT260,Choco,Arusi,,5.57599,-77.50022,116
Tococa macrophysca,Azteca,MFT157,Amazonas,Leticia,,-4.120414,-69.954895,100
Tococa guianensis,Azteca,MFT125,Valle del Cauca,Buenaventura,,3.830342,-76.886715,125
Tococa guianensis,Azteca,MFT126,Valle del Cauca,Buenaventura,,3.830342,-76.886715,125
Tococa guianensis,Azteca,MFT127,Valle del Cauca,Buenaventura,,3.830342,-76.886715,125
Tococa guianensis,Azteca,MFT128,Valle del Cauca,Buenaventura,,3.830342,-76.886715,125
Tococa guianensis,Azteca,MFT128_967,Valle del Cauca,Buenaventura,,3.830342,-76.886715,125
Tococa guianensis,Azteca,MFT130,Valle del Cauca,Buenaventura,,3.830342,-76.886715,125
Tococa guianensis,Azteca,MFT134,Valle del Cauca,Buenaventura,,4.008196,-77.393975,17
Tococa guianensis,Azteca,MFT135,Valle del Cauca,Buenaventura,,4.008196,-77.393975,17
Tococa guianensis,Azteca,MFT136,Valle del Cauca,Buenaventura,,4.008196,-77.393975,17
Tococa guianensis,Azteca,MFT137,Valle del Cauca,Buenaventura,,4.008196,-77.393975,17
Tococa guianensis,Azteca,MFT138,Valle del Cauca,Buenaventura,,4.008196,-77.393975,17
Tococa guianensis,Azteca,MFT146,Amazonas,Leticia,,-4.120233,-69.955417,102
Tococa guianensis,Azteca,MFT150,Amazonas,Leticia,,-4.120167,-69.95645,93
Tococa guianensis,Azteca,MFT151,Amazonas,Leticia,,-4.120167,-69.95645,93
Tococa guianensis,Azteca,MFT153,Amazonas,Leticia,,-4.121283,-69.956217,98
Tococa guianensis,Azteca,MFT262,Meta,S.J. de Arama,,3.3599,-73.05728,547
Tococa guianensis,Azteca,MFT263,Meta,S.J. de Arama,,3.3599,-73.05728,547
Tococa guianensis,Azteca,MFT264,Meta,S.J. de Arama,,3.3599,-73.05728,547
Tococa guianensis,Azteca,MFT265,Meta,S.J. de Arama,,3.3599,-73.05728,547
Tococa guianensis,Azteca,MFT266,Meta,S.J. de Arama,,3.35989,-73.95729,537
Tococa guianensis,Azteca,MFT267,Meta,S.J. de Arama,,3.35628,-73.95497,667
Tococa guianensis,Azteca,MFT268,Meta,S.J. de Arama,,3.35027,-73.93858,506
Tococa guianensis,Azteca,MFT270,Meta,S.J. de Arama,,3.35032,-73.93868,510
Tococa guianensis,Azteca,MFT271,Meta,S.J. de Arama,,3.35024,-73.93856,503
Tococa guianensis,Azteca,MFT272,Meta,S.J. de Arama,,3.34677,-73.94125,471
Tococa guianensis,Azteca,MFT273,Meta,S.J. de Arama,,3.3468,-73.94115,485
Tococa guianensis,Azteca,MFT274,Meta,S.J. de Arama,,3.3468,-73.94115,485
Tococa guianensis,Azteca,MFT275,Meta,S.J. de Arama,,3.3468,-73.94115,485
Tococa guianensis,Azteca,MFT276,Meta,S.J. de Arama,,3.3468,-73.94115,485
Tococa guianensis,Azteca,MFT277,Meta,S.J. de Arama,,3.34654,-73.94096,505
Tococa guianensis,Azteca,MFT278,Meta,S.J. de Arama,,3.255973,-73.959157,642
Tococa guianensis,Azteca,MFT279,Meta,S.J. de Arama,,3.255973,-73.959157,642
Tococa guianensis,Azteca,MFT280,Meta,S.J. de Arama,,3.255973,-73.959157,642
Tococa guianensis,Azteca,MFT281,Meta,S.J. de Arama,,3.255973,-73.959157,642
Tococa guianensis,Azteca,MFT282,Meta,S.J. de Arama,,3.255973,-73.959157,642
Tococa guianensis,Azteca,MFT283,Meta,S.J. de Arama,,3.252329,-73.947661,398
Tococa guianensis,Azteca,MFT284,Meta,S.J. de Arama,,3.252329,-73.947661,398
Tococa guianensis,Azteca,MFT285,Meta,S.J. de Arama,,3.252329,-73.947661,398
Tococa guianensis,Azteca,MFT286,Meta,S.J. de Arama,,3.252329,-73.947661,398
Tococa guianensis,Azteca,MFT287,Meta,S.J. de Arama,,3.252329,-73.947661,398
Tococa guianensis,Azteca,MFT288,Meta,S.J. de Arama,,3.274046,-73.920469,421
Tococa guianensis,Azteca,MFT290,Meta,S.J. de Arama,,3.273785,-73.893999,362
Tococa guianensis,Azteca,MFT291,Meta,S.J. de Arama,,3.273785,-73.893999,362
Tococa guianensis,Azteca,MFT296,Meta,S.J. de Arama,,3.273785,-73.893999,361
Tococa guianensis,Azteca,MFT297,Meta,S.J. de Arama,,3.273785,-73.893999,361
Tococa guianensis,Azteca,MFT298,Meta,S.J. de Arama,,3.273785,-73.893999,361
Tococa guianensis,Azteca,MFT299,Meta,S.J. de Arama,,3.273785,-73.893999,361
Tococa guianensis,Azteca,MFT300,Meta,S.J. de Arama,,3.273785,-73.893999,361
Tococa guianensis,Azteca,MFT301,Meta,S.J. de Arama,,3.273785,-73.893999,361
Tococa guianensis,Azteca,MFT302,Valle del Cauca,Buenaventura,,3.95982,-77.01752,48
Tococa guianensis,Azteca,MFT303,Valle del Cauca,Buenaventura,,3.95982,-77.01752,48
Tococa guianensis,Azteca,MFT304,Valle del Cauca,Buenaventura,,3.95982,-77.01752,48
Tococa guianensis,Azteca,MFT305,Valle del Cauca,Buenaventura,,3.95982,-77.01752,48
Tococa guianensis,Azteca,MFT306,Valle del Cauca,Buenaventura,,3.95982,-77.01752,48
Tococa guianensis,Azteca,MFT308,Valle del Cauca,Buenaventura,,3.95948,-77.01772,50
Tococa guianensis,Azteca,MFT309,Valle del Cauca,Buenaventura,,3.95948,-77.01772,50
Tococa guianensis,Azteca,MFT311,Valle del Cauca,Buenaventura,,3.95966,-77.01755,61
Tococa guianensis,Azteca,MFT312,Valle del Cauca,Buenaventura,,3.95891,-77.01796,59
Tococa guianensis,Azteca,MFT314,Valle del Cauca,Buenaventura,,3.95839,-77.01857,47
Tococa guianensis,Azteca,MFT315,Valle del Cauca,Buenaventura,,3.95839,-77.01857,47
Tococa guianensis,Azteca,MFT316,Valle del Cauca,Buenaventura,,3.95839,-77.01857,47
Tococa guianensis,Azteca,MFT317,Valle del Cauca,Buenaventura,,3.95823,-77.01886,47
Tococa guianensis,Azteca,MFT318,Valle del Cauca,Buenaventura,,3.95823,-77.01886,47
Tococa guianensis,Azteca,MFT319,Valle del Cauca,Buenaventura,,3.95823,-77.01886,47
Tococa guianensis,Azteca,MFT321,Valle del Cauca,Buenaventura,,3.95806,-77.01912,42
Tococa guianensis,Azteca,MFT327,Valle del Cauca,Buenaventura,,3.95731,-77.01983,27
Tococa guianensis,Azteca,MFT328,Valle del Cauca,Buenaventura,,3.95731,-77.01983,27
Tococa guianensis,Azteca,MFT330,Valle del Cauca,Buenaventura,,3.95731,-77.01983,27
Tococa guianensis,Azteca,MFT332,Valle del Cauca,Buenaventura,,3.96765,-77.00463,47
Tococa guianensis,Azteca,MFT333,Valle del Cauca,Buenaventura,,3.96816,-77.00461,33
Tococa guianensis,Azteca,MFT334,Valle del Cauca,Buenaventura,,3.96816,-77.00461,33
Tococa guianensis,Azteca,MFT335,Valle del Cauca,Buenaventura,,3.96816,-77.00461,33
Tococa guianensis,Azteca,MFT336,Valle del Cauca,Buenaventura,,3.96816,-77.00461,33
Tococa guianensis,Azteca,MFT337,Valle del Cauca,Buenaventura,,3.96816,-77.00461,33
Tococa guianensis,Azteca,MFT338,Valle del Cauca,Buenaventura,,3.97001,-77.00346,48
Tococa guianensis,Azteca,MFT339,Valle del Cauca,Buenaventura,,3.97001,-77.00346,48
Tococa guianensis,Azteca,MFT340,Valle del Cauca,Buenaventura,,3.97001,-77.00346,48
Tococa guianensis,Azteca,MFT342,Valle del Cauca,Buenaventura,,3.97011,-77.00326,66
Tococa guianensis,Azteca,MFT343,Valle del Cauca,Buenaventura,,3.97011,-77.00326,66
Tococa guianensis,Azteca,MFT344,Valle del Cauca,Buenaventura,,3.97011,-77.00326,66
Tococa guianensis,Azteca,MFT345,Valle del Cauca,Buenaventura,,3.97001,-77.00346,48
Tococa guianensis,Azteca,MFT346,Valle del Cauca,Buenaventura,,3.97001,-77.00346,48
Tococa guianensis,Azteca,MFT347,Valle del Cauca,Buenaventura,,3.97001,-77.00346,48
Tococa guianensis,Azteca,MFT348,Valle del Cauca,Buenaventura,,3.97306,-77.00214,49
Tococa guianensis,Azteca,MFT349,Valle del Cauca,Buenaventura,,3.97306,-77.00214,49
Tococa guianensis,Azteca,MFT350,Valle del Cauca,Buenaventura,,3.97306,-77.00214,49
Tococa guianensis,Azteca,MFT351,Valle del Cauca,Buenaventura,,3.97306,-77.00214,49
Tococa guianensis,Azteca,MFT352,Valle del Cauca,Buenaventura,,3.97306,-77.00214,49
Tococa guianensis,Azteca,MFT353,Valle del Cauca,Buenaventura,,3.97306,-77.00214,49
Tococa guianensis,Azteca,MFT354,Valle del Cauca,Buenaventura,,3.97306,-77.00214,49
Tococa guianensis,Azteca,MFT355,Valle del Cauca,Buenaventura,,3.97306,-77.00214,49
Tococa guianensis,Azteca,MFT356,Valle del Cauca,Buenaventura,,3.97306,-77.00214,49
Tococa guianensis,Azteca,MFT357,Valle del Cauca,Buenaventura,,3.97306,-77.00214,49
Tococa guianensis,Azteca,MFT358,Valle del Cauca,Buenaventura,,3.95281,-76.99081,103
Tococa guianensis,Azteca,MFT360,Valle del Cauca,Buenaventura,,3.95281,-76.99081,103
Tococa guianensis,Azteca,MFT361,Valle del Cauca,Buenaventura,,3.95281,-76.99081,103
Tococa guianensis,Azteca,MFT365,Valle del Cauca,Buenaventura,,3.9536,-76.9919,64
Tococa guianensis,Azteca,MFT366,Valle del Cauca,Buenaventura,,3.9536,-76.9919,64
Tococa guianensis,Azteca,MFT367,Valle del Cauca,Buenaventura,,3.9536,-76.9919,64
Tococa guianensis,Azteca,MFT368,Valle del Cauca,Buenaventura,,3.9536,-76.9919,64
Tococa guianensis,Azteca,MFT369,Valle del Cauca,Buenaventura,,3.9536,-76.9919,64
Tococa guianensis,Azteca,MFT375,Antioquia,San Luis,,6.04826,-74.99151,948
Tococa guianensis,Azteca,MFT378,Antioquia,San Luis,,6.04817,-74.99128,988
Tococa guianensis,Azteca,MFT379,Antioquia,San Luis,,6.04817,-74.99128,988
Tococa guianensis,Azteca,MFT380,Antioquia,San Luis,,6.04817,-74.99128,988
Tococa guianensis,Azteca,MFT381,Antioquia,San Luis,,6.04817,-74.99128,988
Tococa guianensis,Azteca,MFT382,Antioquia,San Luis,,6.04817,-74.99128,988
Tococa guianensis,Azteca,MFT383,Antioquia,San Luis,,6.04817,-74.99128,988
Tococa guianensis,Azteca,MFT384,Antioquia,San Luis,,6.04817,-74.99128,988
Tococa guianensis,Azteca,MFT385,Antioquia,San Luis,,6.04834,-74.99032,985
Tococa guianensis,Azteca,MFT386,Antioquia,San Luis,,6.04834,-74.99032,985
Tococa guianensis,Azteca,MFT388,Antioquia,San Luis,,6.04813,-74.99098,988
Tococa guianensis,Azteca,MFT390,Antioquia,San Carlos,,6.19437,-75.00548,1084
Tococa guianensis,Azteca,MFT391,Antioquia,San Carlos,,6.19437,-75.00548,1084
Tococa guianensis,Azteca,MFT393,Antioquia,San Carlos,,6.19437,-75.00548,1084
Tococa guianensis,Azteca,MFT396,Antioquia,San Carlos,,6.19439,-75.00578,1111
Tococa guianensis,Azteca,MFT398,Antioquia,San Carlos,,6.19439,-75.00578,1111
Tococa guianensis,Azteca,MFT399,Antioquia,San Carlos,,6.19391,-75.00517,1127
Tococa guianensis,Azteca,MFT400,Antioquia,San Carlos,,6.19391,-75.00517,1127
Tococa guianensis,Azteca,MFT401,Antioquia,San Carlos,,6.19391,-75.00517,1127
Tococa guianensis,Azteca,MFT427,Putumayo,Villagarzon,,1.05531,-76.62315,562
Tococa guianensis,Azteca,MFT428,Putumayo,Villagarzon,,1.0556,-76.62349,563
Tococa guianensis,Azteca,MFT430,Putumayo,Villagarzon,,1.0556,-76.62349,563
Tococa guianensis,Azteca,MFT431B,Putumayo,Villagarzon,,1.0556,-76.62349,563
Tococa guianensis,Azteca,MFT438,Putumayo,Villagarzon,,1.05577,-76.62359,588
Tococa guianensis,Azteca,MFT452,Putumayo,Villagarzon,,1.06353,-76.62863,591
Tococa guianensis,Azteca,MFT455,Putumayo,Villagarzon,,1.06642,-76.62433,482
Tococa guianensis,Azteca,MFT463,Putumayo,Villagarzon,,1.06509,-76.62222,529
Tococa guianensis,Azteca,MFT489,Santander,Cimitarra,,6.24817,-74.09305,165
Tococa guianensis,Azteca,MFT490,Santander,Cimitarra,,6.24815,-74.09312,163
Tococa guianensis,Azteca,MFT493,Santander,Cimitarra,,6.24791,-74.09324,173
Tococa guianensis,Azteca,MFT494,Santander,Cimitarra,,6.24789,-74.09326,173
Tococa guianensis,Azteca,MFT495,Santander,Cimitarra,,6.24787,-74.0933,171
Tococa guianensis,Azteca,MFT508,Meta,Villavicencio,,4.10047,-73.66081,473
Tococa guianensis,Azteca,MFT509,Meta,Villavicencio,,4.10033,-73.6608,469
Tococa guianensis,Azteca,MFT510,Meta,Villavicencio,,4.10021,-73.66077,476
Tococa guianensis,Azteca,MFT511,Meta,Villavicencio,,4.10028,-73.66082,465
Tococa guianensis,Azteca,MFT512,Meta,Villavicencio,,4.10045,-73.66075,477
Tococa guianensis,Azteca,MFT513,Meta,Acacías,,4.03152,-73.77449,555
Tococa guianensis,Azteca,MFT514,Meta,Acacías,,3.96085,-73.781,552
Tococa guianensis,Azteca,MFT515,Meta,Acacías,,3.96085,-73.781,552
Tococa guianensis,Azteca,MFT516,Meta,Acacías,,3.96085,-73.781,552
Tococa guianensis,Azteca,MFT517,Meta,Acacías,,3.96085,-73.781,552
Tococa guianensis,Azteca,MFT518,Meta,Acacías,,3.96085,-73.781,552
Tococa guianensis,Azteca,MFT519,Meta,Acacías,,3.96085,-73.781,552
Tococa guianensis,Azteca,MFT520,Casanare,Villanueva,,4.6125,-72.9208,287
Tococa guianensis,Azteca,MFT524,Casanare,Villanueva,,4.61272,-72.92067,278
Tococa guianensis,Azteca,MFT526,Casanare,Villanueva,,4.61239,-72.92076,265
Tococa guianensis,Azteca,MFT527,Casanare,Villanueva,,4.61157,-72.9208,266
Tococa guianensis,Azteca,MFT528,Casanare,Tauramena,,5.02006,-72.76419,497
Tococa guianensis,Azteca,MFT529,Casanare,Tauramena,,5.00634,-72.75349,453
Tococa guianensis,Azteca,MFT531,Casanare,Tauramena,,5.01998,-72.76491,497
Tococa guianensis,Azteca,MFT532,Casanare,Tauramena,,5.02003,-72.76415,498
Tococa guianensis,Azteca,MFT533,Casanare,Tauramena,,5.02003,-72.76415,498
Tococa guianensis,Azteca,MFT534,Casanare,Tauramena,,5.02003,-72.76415,498
Tococa guianensis,Azteca,MFT535,Casanare,Tauramena,,5.02003,-72.76415,498
Tococa guianensis,Azteca,MFT536,Casanare,Tauramena,,5.00634,-72.75349,453
Tococa guianensis,Azteca,MFT537,Casanare,Tauramena,,5.00634,-72.75349,453
Tococa guianensis,Azteca,MFT538,Casanare,Tauramena,,5.00644,-72.75368,447
Tococa guianensis,Azteca,MFT539,Casanare,Tauramena,,5.0066,-72.75414,451
Tococa guianensis,Azteca,MFT540,Casanare,Tauramena,,5.0066,-72.75414,451
Tococa guianensis,Azteca,MFT541,Casanare,Tauramena,,5.0066,-72.75414,451
Tococa guianensis,Azteca,MFT542,Casanare,Tauramena,,5.0066,-72.75414,451
Tococa guianensis,Azteca,MFT543,Casanare,Tauramena,,5.0066,-72.75414,451
Tococa guianensis,Azteca,MFT545,Meta,Villavicencio,,4.17599,-73.63703,471
Tococa guianensis,Azteca,MFT546,Meta,Villavicencio,,4.17798,-73.63616,469
Tococa guianensis,Azteca,MFT547,Meta,Villavicencio,,4.17798,-73.63616,469
Tococa guianensis,Azteca,MFT548,Meta,Villavicencio,,4.17798,-73.63616,469
Tococa guianensis,Azteca,MFT549,Meta,Villavicencio,,4.17798,-73.63616,469
Tococa guianensis,Azteca,MFT550,Meta,Villavicencio,,4.17798,-73.63616,469
Tococa guianensis,Azteca,MFT551,Meta,Villavicencio,,4.17798,-73.63616,469
Tococa guianensis,Azteca,MFT552,Meta,Villavicencio,,4.17798,-73.63616,469
Tococa guianensis,Azteca,MFT553,Antioquia,Amalfi,,6.94823,-74.89793,1129
Tococa guianensis,Azteca,MFT554,Antioquia,Amalfi,,6.94823,-74.89793,1129
Tococa guianensis,Azteca,MFT555,Antioquia,Amalfi,,6.94804,-74.89778,1138
Tococa guianensis,Azteca,MFT556,Antioquia,Amalfi,,6.94804,-74.89778,1138
Tococa guianensis,Azteca,MFT557,Antioquia,Amalfi,,6.94781,-74.89741,1128
Tococa guianensis,Azteca,MFT558,Antioquia,Amalfi,,6.94779,-74.8974,1128
Tococa guianensis,Azteca,MFT559,Antioquia,Amalfi,,6.94753,-74.89717,1130
Tococa guianensis,Azteca,MFT560,Antioquia,Amalfi,,6.94704,-74.89685,1138
Tococa guianensis,Azteca,MFT561,Antioquia,Amalfi,,6.94704,-74.89685,1138
Tococa guianensis,Azteca,MFT562,Antioquia,Amalfi,,6.94704,-74.89685,1138
Tococa guianensis,Azteca,MFT563,Antioquia,Amalfi,,6.94701,-74.89688,1141
Tococa guianensis,Azteca,MFT564,Antioquia,Amalfi,,6.94596,-74.89629,1134
Tococa guianensis,Azteca,MFT565,Antioquia,Amalfi,,6.94566,-74.89586,1156
Tococa guianensis,Azteca,MFT566,Antioquia,Amalfi,,6.94529,-74.89529,1178
Tococa guianensis,Azteca,MFT567,Antioquia,Amalfi,,6.94529,-74.89529,1178
Tococa guianensis,Azteca,MFT568,Antioquia,Amalfi,,6.95101,-74.90107,1122
Tococa guianensis,Azteca,MFT569,Antioquia,Amalfi,,6.95081,-74.901,1126
Tococa guianensis,Azteca,MFT570,Antioquia,Amalfi,,6.95081,-74.901,1126
Tococa guianensis,Azteca,MFT571,Antioquia,Amalfi,,6.95081,-74.901,1126
Tococa guianensis,Azteca,MFT572,Antioquia,Amalfi,,6.95072,-74.90108,1122
Tococa guianensis,Azteca,MFT573,Antioquia,Amalfi,,6.95072,-74.90108,1122
Tococa guianensis,Azteca,MFT574,Antioquia,Amalfi,,6.9502,-74.90156,1115
Tococa guianensis,Azteca,MFT575,Antioquia,Amalfi,,6.95841,-74.89703,1126
Tococa guianensis,Azteca,MFT576,Antioquia,Amalfi,,6.95841,-74.89703,1126
Tococa guianensis,Azteca,MFT577,Antioquia,Amalfi,,6.95841,-74.89703,1126
Tococa guianensis,Azteca,MFT578,Antioquia,Amalfi,,6.95841,-74.89703,1126
Tococa guianensis,Azteca,MFT579,Antioquia,Amalfi,,6.95853,-74.89793,1137
Tococa guianensis,Azteca,MFT580,Antioquia,Amalfi,,6.95853,-74.89793,1137
Tococa guianensis,Azteca,MFT581,Antioquia,Amalfi,,6.95853,-74.89793,1137
Tococa guianensis,Azteca,MFT582,Antioquia,Amalfi,,6.95851,-74.8974,1128
Tococa guianensis,Azteca,MFT583,Antioquia,Amalfi,,6.95938,-74.89647,1134
Tococa guianensis,Azteca,MFT584,Antioquia,Amalfi,,6.95938,-74.89647,1134
Tococa guianensis,Azteca,MFT585,Antioquia,Amalfi,,6.95938,-74.89647,1134
Tococa guianensis,Azteca,MFT586,Antioquia,Amalfi,,6.95934,-74.89647,1142
Tococa guianensis,Azteca,MFT587,Antioquia,Amalfi,,6.95934,-74.89647,1142
Tococa guianensis,Azteca,MFT588,Antioquia,Amalfi,,6.95934,-74.89647,1142
Tococa guianensis,Azteca,MFT589,Antioquia,Amalfi,,6.95934,-74.89647,1142
Tococa guianensis,Azteca,MFT590,Antioquia,Amalfi,,6.95934,-74.89647,1142
Tococa guianensis,Azteca,MFT591,Antioquia,Amalfi,,6.95946,-74.89654,1134
Tococa guianensis,Azteca,MFT592,Santander,Barrancabermeja,,7.07248,-73.74724,92
Tococa guianensis,Azteca,MFT596,Santander,Barrancabermeja,,7.07248,-73.74724,92
Tococa guianensis,Azteca,MFT597,Santander,Barrancabermeja,,7.07248,-73.74724,92
Tococa guianensis,Azteca,MFT598,Santander,Barrancabermeja,,7.07248,-73.74724,92
Tococa guianensis,Azteca,MFT600,Santander,Barrancabermeja,,7.07248,-73.74724,92
Tococa guianensis,Azteca,MFT601,Santander,Barrancabermeja,,7.07248,-73.74724,92
Tococa guianensis,Azteca,MFT602,Santander,Barrancabermeja,,7.07248,-73.74724,92
Tococa guianensis,Azteca,MFT603,Santander,Barrancabermeja,,7.07248,-73.74724,92
Tococa guianensis,Azteca,MFT195,Choco,Arusi,,5.57143,-77.50074,99
Tococa guianensis,Azteca,MFT525,Casanare,Villanueva,,4.61272,-72.92062,264
Tococa guianensis,Azteca,MFT530,Casanare,Tauramena,,5.01999,-72.76447,498
Tococa guianensis,Camponotus,MFT523,Casanare,Villanueva,,4.61266,-72.92069,277
Tococa guianensis,Crematogaster,MFT376,Antioquia,San Luis,,6.04841,-74.99118,938
Tococa guianensis,Crematogaster,MFT394,Antioquia,San Carlos,,6.19437,-75.00548,1084
Tococa guianensis,Crematogaster,MFT488,Santander,Cimitarra,,6.24817,-74.09305,165
Tococa guianensis,Myrmelachista,MFT289,Meta,S.J. de Arama,,3.274046,-73.920469,421
Tococa guianensis,Myrmelachista,MFT419,Putumayo,Villagarzon,,1.05531,-76.62315,562
Tococa guianensis,Myrmelachista,MFT420,Putumayo,Villagarzon,,1.05531,-76.62315,562
Tococa guianensis,Myrmelachista,MFT421,Putumayo,Villagarzon,,1.05531,-76.62315,562
Tococa guianensis,Myrmelachista,MFT422,Putumayo,Villagarzon,,1.05531,-76.62315,562
Tococa guianensis,Myrmelachista,MFT423,Putumayo,Villagarzon,,1.05531,-76.62315,562
Tococa guianensis,Myrmelachista,MFT424,Putumayo,Villagarzon,,1.05531,-76.62315,562
Tococa guianensis,Myrmelachista,MFT425,Putumayo,Villagarzon,,1.05531,-76.62315,562
Tococa guianensis,Myrmelachista,MFT426,Putumayo,Villagarzon,,1.05531,-76.62315,562
Tococa guianensis,Myrmelachista,MFT445,Putumayo,Villagarzon,,1.05942,-76.62523,548
Tococa guianensis,Myrmelachista,MFT446,Putumayo,Villagarzon,,1.06005,-76.62702,540
Tococa guianensis,Myrmelachista,MFT447,Putumayo,Villagarzon,,1.06005,-76.62702,540
Tococa guianensis,Myrmelachista,MFT454,Putumayo,Villagarzon,,1.06642,-76.62433,482
Tococa guianensis,Myrmelachista,MFT456,Putumayo,Villagarzon,,1.06642,-76.62433,482
Tococa guianensis,Myrmelachista,MFT457,Putumayo,Villagarzon,,1.05979,-76.62585,550
Tococa guianensis,NN,MFT129,Valle del Cauca,Buenaventura,,3.830342,-76.886715,125
Tococa guianensis,NN,MFT133,Valle del Cauca,Buenaventura,,3.828908,-76.882435,96
Tococa guianensis,NN,MFT139,Valle del Cauca,Buenaventura,,4.008196,-77.393975,17
Tococa guianensis,NN,MFT154,Amazonas,Leticia,,-4.121283,-69.956217,98
Tococa guianensis,NN,MFT307,Valle del Cauca,Buenaventura,,3.95948,-77.01772,50
Tococa guianensis,NN,MFT310,Valle del Cauca,Buenaventura,,3.95948,-77.01772,50
Tococa guianensis,NN,MFT320,Valle del Cauca,Buenaventura,,3.95823,-77.01886,47
Tococa guianensis,NN,MFT359,Valle del Cauca,Buenaventura,,3.95281,-76.99081,103
Tococa guianensis,NN,MFT363,Valle del Cauca,Buenaventura,,3.95281,-76.99081,103
Tococa guianensis,NN,MFT418,Putumayo,Villagarzon,,1.05531,-76.62315,562
Tococa guianensis,NN,MFT429,Putumayo,Villagarzon,,1.0556,-76.62349,563
Tococa guianensis,NN,MFT432,Putumayo,Villagarzon,,1.0556,-76.62349,563
Tococa guianensis,NN,MFT449,Putumayo,Villagarzon,,1.06353,-76.62863,591
Tococa guianensis,NN,MFT450,Putumayo,Villagarzon,,1.06353,-76.62863,591
Tococa guianensis,NN,MFT451,Putumayo,Villagarzon,,1.06353,-76.62863,591
Tococa guianensis,NN,MFT453,Putumayo,Villagarzon,,1.06642,-76.62433,482
Tococa guianensis,NN,MFT466,Putumayo,Villagarzon,,1.06509,-76.62222,529
Tococa guianensis,NN,MFT467,Putumayo,Villagarzon,,1.06509,-76.62222,529
Tococa guianensis,NN,MFT468,Putumayo,Villagarzon,,1.06591,-76.62154,564
Tococa guianensis,NN,MFT469,Putumayo,Villagarzon,,1.06591,-76.62154,564
Tococa guianensis,NN,MFT470,Putumayo,Villagarzon,,1.06665,-76.62077,579
Tococa guianensis,NN,MFT477,Putumayo,Villagarzon,,1.06686,-76.62064,582
Tococa guianensis,NN,MFT478,Putumayo,Villagarzon,,1.07123,-76.61575,718
Tococa guianensis,NN,MFT479,Putumayo,Villagarzon,,1.07123,-76.61575,718
Tococa guianensis,NN,MFT480,Putumayo,Villagarzon,,1.07123,-76.61575,718
Tococa guianensis,NN,MFT481,Putumayo,Villagarzon,,1.07123,-76.61575,718
Tococa guianensis,NN,MFT482,Putumayo,Villagarzon,,1.06758,-76.61898,612
Tococa guianensis,NN,MFT484,Putumayo,Villagarzon,,1.06694,-76.62038,596
Tococa guianensis,NN,MFT485,Putumayo,Villagarzon,,1.06694,-76.62038,596
Tococa guianensis,NN,MFT486,Putumayo,Villagarzon,,1.06694,-76.62038,596
Tococa guianensis,Pheidole,MFT177,Choco,Arusi,,5.57433,-77.5013,85
Tococa guianensis,Pheidole,MFT179,Choco,Arusi,,5.5745,-77.50023,67
Tococa guianensis,Pheidole,MFT180,Choco,Arusi,,5.5745,-77.50023,67
Tococa guianensis,Pheidole,MFT181,Choco,Arusi,,5.57435,-77.50003,59
Tococa guianensis,Pheidole,MFT183,Choco,Arusi,,5.57438,-77.50011,74
Tococa guianensis,Pheidole,MFT185,Choco,Arusi,,5.57435,-77.50003,59
Tococa guianensis,Pheidole,MFT186,Choco,Arusi,,5.57441,-77.49999,72
Tococa guianensis,Pheidole,MFT187,Choco,Arusi,,5.57455,-77.50023,76
Tococa guianensis,Pheidole,MFT193,Choco,Arusi,,5.57169,-77.50067,38
Tococa guianensis,Pheidole,MFT194,Choco,Arusi,,5.57147,-77.50039,40
Tococa guianensis,Pheidole,MFT197,Choco,Arusi,,5.57143,-77.50074,99
Tococa guianensis,Pheidole,MFT206,Choco,Arusi,,5.57151,-77.50118,53
Tococa guianensis,Pheidole,MFT209,Choco,Arusi,,5.57136,-77.50111,53
Tococa guianensis,Pheidole,MFT211,Choco,Arusi,,5.57136,-77.50111,53
Tococa guianensis,Pheidole,MFT215,Choco,Arusi,,5.56961,-77.50166,62
Tococa guianensis,Pheidole,MFT217,Choco,Arusi,,5.57165,-77.50201,60
Tococa guianensis,Pheidole,MFT220,Choco,Arusi,,5.57335,-77.50061,66
Tococa guianensis,Pheidole,MFT221,Choco,Arusi,,5.57329,-77.50035,72
Tococa guianensis,Pheidole,MFT223,Choco,Arusi,,5.57331,-77.5,66
Tococa guianensis,Pheidole,MFT225,Choco,Arusi,,5.57316,-77.4999,73
Tococa guianensis,Pheidole,MFT226,Choco,Arusi,,5.57283,-77.49967,71
Tococa guianensis,Pheidole,MFT227,Choco,Arusi,,5.57283,-77.49967,71
Tococa guianensis,Pheidole,MFT228,Choco,Arusi,,5.57283,-77.49967,71
Tococa guianensis,Pheidole,MFT229,Choco,Arusi,,5.57283,-77.49967,71
Tococa guianensis,Pheidole,MFT230,Choco,Arusi,,5.57283,-77.49967,71
Tococa guianensis,Pheidole,MFT231,Choco,Arusi,,5.57283,-77.49967,71
Tococa guianensis,Pheidole,MFT232,Choco,Arusi,,5.57283,-77.49967,71
Tococa guianensis,Pheidole,MFT234,Choco,Arusi,,5.57283,-77.49967,71
Tococa guianensis,Pheidole,MFT237,Choco,Arusi,,5.57259,-77.49948,38
Tococa guianensis,Pheidole,MFT238,Choco,Arusi,,5.5716,-77.49809,65
Tococa guianensis,Pheidole,MFT239,Choco,Arusi,,5.5716,-77.49809,65
Tococa guianensis,Pheidole,MFT244,Choco,Arusi,,5.5716,-77.49809,65
Tococa guianensis,Pheidole,MFT245,Choco,Arusi,,5.5716,-77.49809,65
Tococa guianensis,Pheidole,MFT246,Choco,Arusi,,5.5716,-77.49809,65
Tococa guianensis,Pheidole,MFT248,Choco,Arusi,,5.57504,-77.49733,89
Tococa guianensis,Pheidole,MFT249,Choco,Arusi,,5.57504,-77.49733,89
Tococa guianensis,Pheidole,MFT255,Choco,Arusi,,5.57532,-77.49722,107
Tococa guianensis,Pheidole,MFT258,Choco,Arusi,,5.57532,-77.49722,107
Tococa guianensis,Pheidole,MFT377,Antioquia,San Luis,,6.04825,-74.99128,975
Tococa guianensis,Pheidole,MFT392,Antioquia,San Carlos,,6.19437,-75.00548,1084
Tococa guianensis,Pheidole,MFT473,Putumayo,Villagarzon,,1.06665,-76.62077,579
Tococa guianensis,Pheidole,MFT483,Putumayo,Villagarzon,,1.06694,-76.62038,596
Tococa guianensis,Pheidole,MFT491,Santander,Cimitarra,,6.24814,-74.09314,166
Tococa guianensis,Pheidole,MFT492,Santander,Cimitarra,,6.24804,-74.09318,167
Tococa guianensis,Pheidole,MFT521,Casanare,Villanueva,,4.61264,-72.9207,260
Tococa guianensis,Pheidole,MFT522,Casanare,Villanueva,,4.61263,-72.9207,276
Tococa guianensis,Pheidole,MFT544,Meta,Villavicencio,,4.17577,-73.63702,471
Tococa guianensis,Pheidole,MFT593,Santander,Barrancabermeja,,7.07248,-73.74724,92
Tococa guianensis,Pheidole,MFT594,Santander,Barrancabermeja,,7.07248,-73.74724,92
Tococa guianensis,Pheidole,MFT595,Santander,Barrancabermeja,,7.07248,-73.74724,92
Tococa guianensis,Pheidole,MFT599,Santander,Barrancabermeja,,7.07248,-73.74724,92
Tococa guianensis,Solenopsis,MFT292,Meta,S.J. de Arama,,3.273785,-73.893999,362
Tococa guianensis,Solenopsis,MFT295,Meta,S.J. de Arama,,3.273955,-73.894612,361
Tococa guianensis,Tapinoma,MFT198,Choco,Arusi,,5.57143,-77.50074,99
Tococa guianensis,Tapinoma,MFT218,Choco,Arusi,,5.57165,-77.50201,60
Tococa guianensis,Tapinoma,MFT247,Choco,Arusi,,5.57504,-77.49733,89
Tococa guianensis,Wasmania,MFT387,Antioquia,San Luis,,6.04813,-74.99098,988
Tococa guianensis,Wasmania,MFT389,Antioquia,San Luis,,6.19437,-75.00548,1084
Tococa cordata,Azteca,MFT164,Amazonas,Leticia,,-4.09645,-69.936188,88
Tococa cordata,Azteca,MFT166,Amazonas,Leticia,,-4.09645,-69.936188,88
Tococa cordata,Azteca,MFT169,Amazonas,Puerto Nariño,,-3.7831,-70.363483,70
Tococa cordata,Azteca,MFT170,Amazonas,Puerto Nariño,,-3.7831,-70.363483,70
Tococa cordata,Azteca,MFT172,Amazonas,Puerto Nariño,,-3.7831,-70.363483,70
Tococa cordata,Camponotus,MFT168,Amazonas,Puerto Nariño,,-3.7831,-70.363483,70
Tococa cordata,Nylanderia,MFT171,Amazonas,Puerto Nariño,,-3.7831,-70.363483,70
Tococa cordata,Pheidole,MFT163,Amazonas,Leticia,,-4.09645,-69.936188,88
Tococa cordata,Pheidole,MFT165,Amazonas,Leticia,,-4.09645,-69.936188,88
Tococa cordata,Pheidole,MFT167,Amazonas,Leticia,,-4.09645,-69.936188,88
Tococa caquetana,Crematogaster,MFT439,Putumayo,Villagarzon,,1.05942,-76.62523,548
Tococa caquetana,Myrmelachista,MFT433,Putumayo,Villagarzon,,1.05577,-76.62359,588
Tococa caquetana,Myrmelachista,MFT434,Putumayo,Villagarzon,,1.05577,-76.62359,588
Tococa caquetana,Myrmelachista,MFT435,Putumayo,Villagarzon,,1.05577,-76.62359,588
Tococa caquetana,Myrmelachista,MFT436,Putumayo,Villagarzon,,1.05577,-76.62359,588
Tococa caquetana,Myrmelachista,MFT448,Putumayo,Villagarzon,,1.06005,-76.62702,540
Tococa caquetana,NN,MFT437,Putumayo,Villagarzon,,1.05577,-76.62359,588
Tococa bullifera,Allomerus,MFT411,Putumayo,Villagarzon,,1.06082,-76.62243,515
Tococa bullifera,Allomerus,MFT412,Putumayo,Villagarzon,,1.05934,-76.62243,479
Tococa bullifera,Allomerus,MFT441,Putumayo,Villagarzon,,1.05942,-76.62523,550
Tococa bullifera,Azteca,MFT402,Putumayo,Villagarzon,,1.06146,-76.62263,503
Tococa bullifera,Azteca,MFT403,Putumayo,Villagarzon,,1.06146,-76.62263,503
Tococa bullifera,Azteca,MFT404,Putumayo,Villagarzon,,1.06146,-76.62263,503
Tococa bullifera,Azteca,MFT406B,Putumayo,Villagarzon,,1.06146,-76.62263,503
Tococa bullifera,Azteca,MFT407,Putumayo,Villagarzon,,1.06082,-76.62243,515
Tococa bullifera,Azteca,MFT408B,Putumayo,Villagarzon,,1.06082,-76.62243,515
Tococa bullifera,Azteca,MFT409,Putumayo,Villagarzon,,1.06082,-76.62243,515
Tococa bullifera,Azteca,MFT413,Putumayo,Villagarzon,,1.05934,-76.62243,479
Tococa bullifera,Azteca,MFT415,Putumayo,Villagarzon,,1.05934,-76.62243,479
Tococa bullifera,Azteca,MFT416,Putumayo,Villagarzon,,1.05934,-76.62243,479
Tococa bullifera,Azteca,MFT440,Putumayo,Villagarzon,,1.05942,-76.62523,550
Tococa bullifera,Azteca,MFT444B,Putumayo,Villagarzon,,1.05942,-76.62523,550
Tococa bullifera,Azteca,MFT458B,Putumayo,Villagarzon,,1.05979,-76.62585,550
Tococa bullifera,Azteca,MFT472,Putumayo,Villagarzon,,1.06665,-76.62077,579
Tococa bullifera,Azteca,MFT474,Putumayo,Villagarzon,,1.06686,-76.62064,582
Tococa bullifera,Azteca,MFT475,Putumayo,Villagarzon,,1.06686,-76.62064,582
Tococa bullifera,Azteca,MFT443,Putumayo,Villagarzon,,1.05942,-76.62523,550
Tococa bullifera,NN,MFT405,Putumayo,Villagarzon,,1.06146,-76.62263,503
Tococa bullifera,NN,MFT414,Putumayo,Villagarzon,,1.05934,-76.62243,479
Tococa bullifera,NN,MFT442,Putumayo,Villagarzon,,1.05942,-76.62523,550
Tococa bullifera,NN,MFT476,Putumayo,Villagarzon,,1.06686,-76.62064,582
Tococa bullifera,NN,MFT487,Putumayo,Villagarzon,,1.06694,-76.62038,596
Tococa bullifera,Pheidole,MFT459,Putumayo,Villagarzon,,1.05979,-76.62585,550
Tococa bullifera,Pheidole,MFT471,Putumayo,Villagarzon,,1.06665,-76.62077,579
Ossaea bullifera,Crematogaster,MFT156,Amazonas,Leticia,,-4.1208,-69.953983,119
Ossaea bullifera,Pheidole,MFT149,Amazonas,Leticia,,-4.120033,-69.956267,92
Ossaea bullifera,Pheidole,MFT155,Amazonas,Leticia,,-4.1208,-69.953983,119
Miconia,Pheidole,MFT329,Valle del Cauca,Buenaventura,,3.95731,-77.01983,27
Miconia,Pheidole,MFT395,Antioquia,San Carlos,,6.19437,-75.00548,1084
Miconia,Wasmania,MFT370,Valle del Cauca,Buenaventura,,3.9536,-76.9919,64
Maieta poeppigii,Azteca,MFT158,Amazonas,Leticia,,-4.09645,-69.936188,88
Maieta poeppigii,Azteca,MFT159,Amazonas,Leticia,,-4.09645,-69.936188,88
Maieta poeppigii,Azteca,MFT161,Amazonas,Leticia,,-4.09645,-69.936188,88
Maieta poeppigii,Azteca,MFT162,Amazonas,Leticia,,-4.09645,-69.936188,88
Maieta poeppigii,NN,MFT160,Amazonas,Leticia,,-4.09645,-69.936188,88
Maieta guianensis,Allomerus,MFT142,Amazonas,Leticia,,-4.120267,-69.95515,94
Maieta guianensis,Allomerus,MFT143,Amazonas,Leticia,,-4.120267,-69.95515,94
Maieta guianensis,Allomerus,MFT144,Amazonas,Leticia,,-4.120267,-69.95515,94
Maieta guianensis,Allomerus,MFT145,Amazonas,Leticia,,-4.120267,-69.95515,94
Maieta guianensis,Allomerus,MFT152,Amazonas,Leticia,,-4.120167,-69.95645,93
Maieta guianensis,Pheidole,MFT464,Putumayo,Villagarzon,,1.06509,-76.62222,529
Maieta guianensis,Pheidole,MFT465,Putumayo,Villagarzon,,1.06509,-76.62222,529
Maieta,NN,MFT417,Putumayo,Villagarzon,,1.05531,-76.62315,562
Henriettella cuneata,Pheidole,MFT173,Choco,Arusi,,5.574062,-77.501185,53
Henriettella cuneata,Pheidole,MFT208,Choco,Arusi,,5.57151,-77.50118,53
Henriettella cuneata,Pheidole,MFT210,Choco,Arusi,,5.57136,-77.50111,53
Conostegia setosa,Pheidole,MFT174,Choco,Arusi,,5.5733,-77.50177,23
Conostegia setosa,Pheidole,MFT176,Choco,Arusi,,5.57393,-77.50116,40
Conostegia setosa,Pheidole,MFT178,Choco,Arusi,,5.5745,-77.50023,67
Conostegia setosa,Pheidole,MFT182,Choco,Arusi,,5.57449,-77.50007,82
Conostegia,Azteca,MFT372,Valle del Cauca,Buenaventura,,3.9536,-76.9919,64
Conostegia,NN,MFT371,Valle del Cauca,Buenaventura,,3.9536,-76.9919,64
Conostegia,NN,MFT373,Valle del Cauca,Buenaventura,,3.9536,-76.9919,64
Conostegia,NN,MFT374,Valle del Cauca,Buenaventura,,3.9536,-76.9919,64
Conostegia,Pheidole,MFT196,Choco,Arusi,,5.57143,-77.50074,99
Conostegia,Pheidole,MFT199,Choco,Arusi,,5.57134,-77.5009,91
Conostegia,Pheidole,MFT200,Choco,Arusi,,5.57143,-77.50074,99
Conostegia,Pheidole,MFT201,Choco,Arusi,,5.57143,-77.50074,99
Conostegia,Pheidole,MFT202,Choco,Arusi,,5.57143,-77.50074,99
Conostegia,Pheidole,MFT203,Choco,Arusi,,5.57137,-77.50076,59
Conostegia,Pheidole,MFT216,Choco,Arusi,,5.56923,-77.5024,41
Conostegia,Pheidole,MFT219,Choco,Arusi,,5.57333,-77.50087,59
Conostegia,Pheidole,MFT222,Choco,Arusi,,5.57329,-77.50035,72
Conostegia,Pheidole,MFT236,Choco,Arusi,,5.57259,-77.49948,38
Conostegia,Pheidole,MFT240,Choco,Arusi,,5.5716,-77.49809,65
Conostegia,Pheidole,MFT243,Choco,Arusi,,5.5716,-77.49809,65
Conostegia,Pheidole,MFT250,Choco,Arusi,,5.57504,-77.49733,89
Conostegia,Pheidole,MFT251,Choco,Arusi,,5.57504,-77.49733,89
Conostegia,Pheidole,MFT252,Choco,Arusi,,5.57504,-77.49733,89
Conostegia,Pheidole,MFT259,Choco,Arusi,,5.57599,-77.50022,116
Conostegia,Pheidole,MFT261,Choco,Arusi,,5.57599,-77.50022,116
Conostegia,Pheidole,MFT322,Valle del Cauca,Buenaventura,,3.95744,-77.01948,30
Conostegia,Pheidole,MFT323,Valle del Cauca,Buenaventura,,3.95744,-77.01948,30
Conostegia,Pheidole,MFT324,Valle del Cauca,Buenaventura,,3.95744,-77.01948,30
Conostegia,Pheidole,MFT325,Valle del Cauca,Buenaventura,,3.95744,-77.01948,30
Conostegia,Pheidole,MFT326,Valle del Cauca,Buenaventura,,3.95744,-77.01948,30
Clidemia heterophylla,Azteca,MFT461,Putumayo,Villagarzon,,1.06629,-76.6244,494
Clidemia heterophylla,NN,MFT462,Putumayo,Villagarzon,,1.06629,-76.6244,494
Cecropia,Azteca,ELT05,Cundinamarca,Anolaima,,4.797395,-74.470934,1463
Cecropia,Azteca,ELT06,Cundinamarca,Anolaima,,4.801868,-74.504983,1550
Cecropia,Azteca,ELT10,Tolima,Payande,,4.303339,-75.096183,598
Cecropia,Azteca,ELT11,Tolima,Payande,,4.303339,-75.096183,598
Cecropia,Azteca,ELT14,Tolima,Cocora,,4.404013,-75.293045,1259
Cecropia,Azteca,ELT19,Quindio,Calarca,,4.531816,-75.615066,1987
Cecropia,Azteca,ELT21,Quindio,Quimbaya,,4.609673,-75.787545,1221
Cecropia,Azteca,ELT25,Quindio,Manizales,,5.019184,-75.596000,1245
Cecropia,Azteca,ELT27,Tolima,Padua,,5.140878,-75.147917,2342
Cecropia,Azteca,ELT28,Tolima,Mariquita,,5.189795,-74.886756,467
Cecropia,Azteca,ELT29,Tolima,Mariquita,,5.189795,-74.886756,467
Cecropia,Azteca,ELT31,Choco,Arusi,,5.576383,-77.501976,41
Cecropia,Azteca,ELT33,Choco,Arusi,,5.576383,-77.501976,41
Cecropia,Azteca,ELT34,Choco,Arusi,,5.578049,-77.500072,76
Cecropia,Azteca,ELT35,Choco,Arusi,,5.578049,-77.500072,76
Cecropia,Azteca,ELT36,Choco,Arusi,,5.578049,-77.500072,76
Cecropia,Azteca,ELT37,Choco,Arusi,,5.573932,-77.499596,76
Cecropia,Azteca,ELT38,Choco,Arusi,,5.571085,-77.497838,111
Cecropia,Azteca,ELT39,Choco,Arusi,,5.571085,-77.497838,111
Cecropia,Azteca,ELT43,Choco,Arusi,,5.570059,-77.500077,74
Cecropia,Azteca,ELT44,Choco,Arusi,,5.570059,-77.500077,74
Cecropia,Azteca,ELT46,Choco,Arusi,,5.570059,-77.500077,74
Cecropia,Azteca,ELT47,Choco,Arusi,,5.570059,-77.500077,74
Cecropia,Azteca,ELT48,Choco,Arusi,,5.569249,-77.505814,25
Cecropia,Azteca,MFT04,Meta,Villavicencio,,4.068333,-73.6638,439
Cecropia,Azteca,MFT07,Meta,Villavicencio,,4.05555,-73.84805,1539
Cecropia,Azteca,MFT09,Tolima,Espinal,,4.1505,-74.93222,345
Cecropia,Azteca,MFT10,Tolima,Espinal,,4.13388,-74.915,329
Cecropia,Azteca,MFT104,Valle del Cauca,Calima,,3.876739,-76.561250,1567
Cecropia,Azteca,MFT105,Valle del Cauca,Calima,,3.364540,-76.541417,992
Cecropia,Azteca,MFT11,Tolima,Espinal,,4.13388,-74.915,329
Cecropia,Azteca,MFT12,Tolima,Espinal,,4.1333,-74.91444,329
Cecropia,Azteca,MFT13,Tolima,Espinal,,4.13472,-74.91444,329
Cecropia,Azteca,MFT14,Tolima,Espinal,,4.067777,-74.88194,302
Cecropia,Azteca,MFT15,Tolima,Espinal,,4.08472,-74.86555,302
Cecropia,Azteca,MFT17,Tolima,Espinal,,4.01861,-74.8977,300
Cecropia,Azteca,MFT19,Tolima,Espinal,,4.017,-74.89888,303
Cecropia,Azteca,MFT21,Tolima,Espinal,,4.10111,-74.88194,310
Cecropia,Azteca,MFT25,Tolima,Guayabal,,5.019166,-74.91527,336
Cecropia,Azteca,MFT27,Tolima,Mariquita,,5.13527,-74.86611,593
Cecropia,Azteca,MFT31,Choco,Arusi,,5.569686,-77.496139,141
Cecropia,Azteca,MFT33,Choco,Arusi,,5.569686,-77.496139,141
Cecropia,Azteca,MFT34,Choco,Arusi,,5.569686,-77.496139,141
Cecropia,Azteca,MFT35,Choco,Arusi,,5.569686,-77.496139,141
Cecropia,Azteca,MFT36,Choco,Arusi,,5.569686,-77.496139,141
Cecropia,Azteca,MFT37,Choco,Arusi,,5.569686,-77.496139,141
Cecropia,Azteca,MFT38,Choco,Arusi,,5.569686,-77.496139,141
Cecropia,Azteca,MFT39,Choco,Arusi,,5.569686,-77.496139,141
Cecropia,Azteca,MFT43,Choco,Arusi,,5.569686,-77.496139,141
Cecropia,Azteca,MFT44,Choco,Arusi,,5.569686,-77.496139,141
Cecropia,Azteca,MFT46,Choco,Arusi,,5.569686,-77.496139,141
Cecropia,Azteca,MFT47,Choco,Arusi,,5.569686,-77.496139,141
Cecropia,Azteca,MFT48,Choco,Arusi,,5.569686,-77.496139,141
Cecropia,Azteca,MFT97,Valle del Cauca,El Cerrito,,3.613117,-76.176417,1307
Cecropia,Azteca,PZ58,Casanare,Barranca de Upia,,4.568312,-73.021323,267
Cecropia,Azteca,PZ53,Boyaca,San Luis de Gaceno,,4.825106,-73.091939,336
Cecropia,Azteca,MFT98,Valle del Cauca,El Cerrito,,3.612496,-76.164299,1369
Cecropia,Azteca,MFT76,Antioquia,Barbosa,,6.456222,-75.313611,1320
Cecropia,Azteca,MFT91,Valle del Cauca,Jamundi,,3.255079,-76.596028,1116
Cecropia,Azteca,MFT82,Antioquia,Yolombo,,6.760423,-75.107979,924
Cecropia,Azteca,MFT93,Valle del Cauca,Cali,,3.313711,-76.641367,1880
Cecropia,Azteca,MFT62,Antioquia,Valdivia,,7.081635,-75.464767,1962
Cecropia,Azteca,MFT53,Antioquia,Barbosa,,6.451361,-75.365778,2100
Tococa guianensis,Azteca,ADRIANA1,Choco,Solano,,,,
Cecropia,Azteca,PZ61,Meta,Puerto Gaitan,,4.109479,-73.601833,387
Cecropia,Azteca,PZ64,Meta,Villavicencio,,4.166383,-73.670656,962